Sex,Pclass,Age,IsChild,IsElderly,Fare,HighFareFlag,FareAgeRatio,Embarked_C,Embarked_S,Embarked_Q,Survived
1,3,-0.5108068561300801,0,0,-0.8200960270076277,0,-0.37572764379127993,0,1,0,0
0,1,0.6734717741424385,0,0,3.3155567858597546,1,0.2933756769691684,1,0,0,1
0,3,-0.21473719856195045,0,0,-0.7765004970461,0,-0.3853264645535559,0,1,0,1
0,1,0.4514195309663413,0,0,2.1411707118605783,1,0.13731953123730345,0,1,0,1
1,3,0.4514195309663413,0,0,-0.7684272507569283,0,-0.4162510512950997,0,1,0,0
1,3,-0.06670236977788561,0,0,-0.7420567990779777,0,-0.38614616736978435,0,0,1,0
1,1,1.8577504044149573,0,0,2.0612455735977773,1,-0.0980387293494225,0,1,0,0
1,3,-1.9911551439707285,1,0,0.07280501257477019,1,2.5924450004931106,0,1,0,0
0,3,-0.14071978416991804,0,0,-0.5692893284897017,0,-0.3392765658888174,0,1,0,1
0,2,-1.1029461712663395,0,0,0.6538074843198215,1,0.37164909224166126,1,0,0,1
0,3,-1.8431203151866637,1,0,-0.20975860754624182,1,0.9623301618971378,0,1,0,1
0,1,2.153820061983087,0,0,0.4264132000404939,1,-0.316104541913544,0,1,0,1
1,3,-0.658841684914145,0,0,-0.7684272507569283,0,-0.34559553854124136,0,1,0,0
1,3,0.747489188534471,0,0,0.7315819097711868,1,-0.1692946743262879,0,1,0,0
0,3,-1.1029461712663395,0,0,-0.7810731837442871,0,-0.28354058343724053,0,1,0,0
0,2,1.9317678188069898,0,0,-0.2549687867656037,1,-0.3887787836032268,0,1,0,1
1,3,-1.9911551439707285,1,0,0.5927220735974323,1,3.7794576147579315,0,0,1,0
1,2,-0.06670236977788561,0,0,-0.4487266977057262,0,-0.3168672401021913,0,1,0,1
0,3,0.15534987339821163,0,0,-0.12579684613885533,1,-0.26633848510430463,0,1,0,0
0,3,-0.06670236977788561,0,0,-0.821710676265462,0,-0.40495888089095977,1,0,0,1
1,2,0.4514195309663413,0,0,0.39089091636813805,1,-0.1956829723504463,0,1,0,0
1,2,0.3774021165743089,0,0,-0.4487266977057262,0,-0.35086178793904443,0,1,0,1
0,3,-1.028928756874307,0,0,-0.7697706389394465,0,-0.2931789784100877,0,0,1,1
1,1,-0.06670236977788561,0,0,1.0044576343451928,1,0.02634694478911448,0,1,0,1
0,3,-1.547050657618534,1,0,0.07280501257477019,1,0.5207024873973696,0,1,0,0
0,3,0.6734717741424385,0,0,0.7388478314314414,1,-0.15915005505363525,0,1,0,1
1,3,-0.06670236977788561,0,0,-0.821710676265462,0,-0.40495888089095977,1,0,0,0
0,3,-0.06670236977788561,0,0,-0.7794585344864526,0,-0.39497973779069795,0,0,1,1
1,3,-0.06670236977788561,0,0,-0.7783864073792506,0,-0.394726521992067,0,1,0,0
1,1,0.8215066029265035,0,0,0.5020304540833923,1,-0.21607827427840112,1,0,0,0
0,3,-0.06670236977788561,0,0,-0.7878030418509406,0,-0.3969505499101627,0,0,1,1
1,2,2.7459593771193465,0,1,-0.6101916234891617,0,-0.4458429188689738,0,1,0,0
1,1,0.9695414317105683,0,0,2.0701261445158665,1,0.019784192933311746,0,1,0,0
1,3,-0.06670236977788561,0,0,-0.821439415190146,0,-0.40489481424311347,1,0,0,1
1,3,-0.5848242705221126,0,0,-0.7684272507569283,0,-0.35330341265984405,0,1,0,0
0,3,-0.8068765136982098,0,0,-0.12579684613885533,1,-0.09608618549374898,0,1,0,0
0,3,-1.1029461712663395,0,0,-0.562288209307732,0,-0.18363983236091558,1,0,0,1
0,3,0.8215066029265035,0,0,-0.6763922430603702,0,-0.4129393082794894,0,1,0,0
0,2,-0.14071978416991804,0,0,0.06796106480126718,1,-0.1833950570889057,0,1,0,0
1,3,-0.06670236977788561,0,0,-0.7783864073792506,0,-0.394726521992067,1,0,0,0
0,2,-1.9171377295786962,1,0,1.3970886650742569,1,4.0831264070333315,1,0,0,1
0,3,-0.7328590993061774,0,0,-0.7794585344864526,0,-0.3408946736787864,0,0,1,1
1,3,-0.06670236977788561,0,0,-0.7684272507569283,0,-0.3923743607782786,0,1,0,0
1,3,-0.06670236977788561,0,0,-0.28726177192229074,1,-0.278732330669824,0,0,1,0
1,3,-0.06670236977788561,0,0,0.11182785583811101,1,-0.18447503772403034,1,0,0,0
0,3,-0.8068765136982098,0,0,-0.13871404020153014,1,-0.10074265864549063,0,1,0,0
1,3,-1.6210680720105664,1,0,1.274911385032447,1,1.6793760970902614,0,1,0,0
1,3,-0.5848242705221126,0,0,-0.7845737433352719,0,-0.3583302870850198,0,1,0,0
0,2,0.007315044614146799,0,0,0.39089091636813805,1,-0.13178581299043526,0,1,0,1
1,1,2.6719419627273138,0,1,2.71464245946709,1,-0.09975322865336907,1,0,0,0
1,1,-0.06670236977788561,0,0,1.0044576343451928,1,0.02634694478911448,0,1,0,1
0,2,-0.5848242705221126,0,0,-0.6101916234891617,0,-0.3040400432931223,0,1,0,1
1,3,-0.02969366258186941,0,0,-0.821439415190146,0,-0.40676386432628947,1,0,0,0
0,2,-1.7691029007946313,1,0,0.5039163644165429,1,1.5307691218960051,0,1,0,1
1,3,-1.3249984144424367,1,0,1.7407376959176581,1,1.2137409081482582,0,1,0,0
1,3,-0.5108068561300801,0,0,-0.821439415190146,0,-0.37612769557162096,1,0,0,0
1,3,-1.8431203151866637,1,0,0.5136042599635489,1,1.9532276485877704,0,1,0,0
1,1,-0.06670236977788561,0,0,0.5020304540833923,1,-0.09231669019339417,1,0,0,0
1,3,-0.06670236977788561,0,0,-0.3036795255759505,1,-0.2826098882609071,1,0,0,1
0,2,0.007315044614146799,0,0,-0.6101916234891617,0,-0.36034103685509006,0,1,0,1
1,3,-0.7328590993061774,0,0,-0.7614325901719899,0,-0.3347214708096936,0,1,0,0
0,3,-0.8808939280902423,0,0,-0.7765004970461,0,-0.3204053122550832,0,1,0,1
1,3,-0.21473719856195045,0,0,-0.7288683439399867,0,-0.37324334787970764,0,1,0,0
1,2,0.22936728779024407,0,0,-0.6101916234891617,0,-0.374416285245582,0,1,0,0
0,3,-0.9549113424822746,0,0,1.7407376959176581,1,0.7052380618839171,0,1,0,0
1,2,-0.5848242705221126,0,0,3.4587245062534113,1,0.9627323118511519,0,1,0,0
1,3,-0.21473719856195045,0,0,-0.35480577967601745,1,-0.2783527894526882,1,0,0,0
1,3,0.22936728779024407,0,0,2.3604917498507345,1,0.2421573432490742,0,1,0,1
1,3,-0.28875461295398286,0,0,-0.794261638882278,0,-0.38501138980325994,0,1,0,0
1,2,-2.077755518809407,1,0,0.5846488273082605,1,6.4949861669415005,0,1,0,1
0,3,0.08133245900617922,0,0,-0.48263433212024764,0,-0.3371525516034732,0,1,0,1
1,3,-0.5108068561300801,0,0,-0.7070705789592229,0,-0.3420694411183645,0,1,0,0
1,3,0.007315044614146799,0,0,-0.6747775938025358,0,-0.37508653516893875,0,1,0,1
0,3,-0.06670236977788561,0,0,-0.785381067964189,0,-0.39637852626867714,0,0,1,1
1,1,-0.06670236977788561,0,0,1.7536548899803333,1,0.20329292455529888,0,1,0,0
0,2,-0.8808939280902423,0,0,-0.6101916234891617,0,-0.25712254865814915,0,1,0,1
0,3,0.3033847021822765,0,0,-0.26465668231260986,1,-0.30894863832005853,0,1,0,1
1,3,-0.9549113424822746,0,0,0.9317984177426467,1,0.3793191800351731,0,1,0,0
1,3,-0.3627720273460153,0,0,-0.7684272507569283,0,-0.3727272554387229,0,1,0,0
1,3,0.007315044614146799,0,0,-0.7684272507569283,0,-0.39646750772401934,0,1,0,0
1,3,-0.658841684914145,0,0,-0.7810731837442871,0,-0.34972006506960074,0,1,0,0
1,1,1.265611089278698,0,0,2.6627024221410744,1,0.06061156660462243,0,1,0,0
1,3,-0.21473719856195045,0,0,0.04051202741808311,1,-0.17807029380890482,0,1,0,0
1,3,2.2278374763751194,0,0,-0.8200960270076277,0,-0.4617163377627998,0,1,0,0
1,1,3.1160464490795086,0,1,0.949830820654141,1,-0.3022548326222615,1,0,0,0
1,1,-0.43678944173804773,0,0,2.8037129711262643,1,0.6526433631223983,1,0,0,1
0,2,0.3774021165743089,0,0,0.1971330054280155,1,-0.22447180239176992,0,1,0,1
1,2,0.3774021165743089,0,0,0.39089091636813805,1,-0.18655480672758756,0,1,0,0
0,3,-0.06670236977788561,0,0,-0.7783864073792506,0,-0.394726521992067,0,1,0,0
1,3,0.3033847021822765,0,0,-0.7294044074935877,0,-0.40257127664369896,0,1,0,0
1,3,0.5994543597504062,0,0,-0.7765004970461,0,-0.4229123948316191,0,1,0,0
1,3,-0.06670236977788561,0,0,-0.7783864073792506,0,-0.394726521992067,0,1,0,0
0,3,-0.5848242705221126,0,0,-0.794261638882278,0,-0.3613464117401252,0,1,0,1
1,3,-0.06670236977788561,0,0,-0.7861883925931062,0,-0.39656920081583896,0,1,0,1
1,3,0.6734717741424385,0,0,-0.7783864073792506,0,-0.42560914946858863,0,1,0,0
0,3,-0.06670236977788561,0,0,0.27140687128839575,1,-0.1467855440338331,0,0,1,1
1,1,1.3396285036707303,0,0,2.0701261445158665,1,-0.03594007395041879,0,1,0,0
0,3,-1.0659374640703232,0,0,-0.35480577967601745,1,-0.10265061096721398,1,0,0,0
1,3,-0.5108068561300801,0,0,-0.7684272507569283,0,-0.36034103685509,0,1,0,0
0,3,-0.658841684914145,0,0,-0.6537871534506893,0,-0.3082051678168393,0,1,0,0
0,3,-0.8808939280902423,0,0,-0.3545409771977327,1,-0.15984403869863706,1,0,0,0
1,3,-0.5848242705221126,0,0,-0.7765004970461,0,-0.3558168498724319,0,1,0,0
1,3,3.079037741883492,0,1,-0.7878030418509406,0,-0.4672201207872871,0,0,1,0
1,2,0.007315044614146799,0,0,0.06796106480126718,1,-0.20551330455967876,0,1,0,0
0,3,-1.9911551439707285,1,0,0.7315819097711868,1,4.096485828505678,0,1,0,0
1,2,-0.5848242705221126,0,0,3.4587245062534113,1,0.9627323118511519,0,1,0,0
1,2,0.26637599498626024,0,0,0.6538074843198215,1,-0.11808614464654794,1,0,0,0
0,2,0.26637599498626024,0,0,-0.4487266977057262,0,-0.3435047589295762,0,1,0,1
1,3,-1.2509810000504042,0,0,-0.562288209307732,0,-0.13263538054713317,1,0,0,1
1,3,-0.06670236977788561,0,0,-0.7878030418509406,0,-0.3969505499101627,0,0,1,0
1,3,-0.3627720273460153,0,0,-0.8270906875925661,0,-0.38879925878088545,0,1,0,1
0,3,-0.06670236977788561,0,0,0.1556881882779233,1,-0.1741160709258221,1,0,0,1
1,3,1.1915936748866656,0,0,-0.8378571688438056,0,-0.44809277953804827,0,1,0,0
1,3,0.3033847021822765,0,0,-0.7783864073792506,0,-0.41243861716242497,1,0,0,0
1,3,-0.658841684914145,0,0,-0.8330132210703025,0,-0.3666605361324538,0,1,0,0
0,3,1.3396285036707303,0,0,-0.35184774223566495,1,-0.3815376906812476,0,1,0,0
1,2,-0.28875461295398286,0,0,-0.4487266977057262,0,-0.2939862944427709,0,1,0,0
1,2,-0.43678944173804773,0,0,-0.31659671963862535,1,-0.23784649598737048,1,0,0,0
0,1,-0.7328590993061774,0,0,0.40918812175791697,1,0.06617176459806778,0,1,0,1
1,1,0.5994543597504062,0,0,2.1411707118605783,1,0.10297804174320843,0,1,0,0
1,3,-0.9549113424822746,0,0,-0.6930747991923147,0,-0.2753367086047674,0,1,0,0
0,3,-0.06670236977788561,0,0,-0.3036795255759505,1,-0.2826098882609071,1,0,0,0
0,3,-0.5108068561300801,0,0,-0.7878030418509406,0,-0.3661110144561613,0,1,0,1
0,3,-0.3627720273460153,0,0,-0.26465668231260986,1,-0.23470939122109916,0,1,0,1
1,3,-0.7328590993061774,0,0,-0.8523890121643147,0,-0.36587059872278327,0,0,1,0
1,2,-0.8068765136982098,0,0,-0.5456056531757875,0,-0.24742156292535397,0,1,0,0
1,2,-0.7328590993061774,0,0,1.0851900972369104,1,0.2976768254004079,0,1,0,0
1,3,-0.14071978416991804,0,0,-0.7848450044105881,0,-0.392004887984321,0,1,0,1
0,3,-1.4730332432265016,1,0,0.9317984177426467,1,1.0054607444651453,0,1,0,0
1,2,0.5624456525543899,0,0,0.39089091636813805,1,-0.20846240422244847,0,1,0,0
1,2,0.9695414317105683,0,0,-0.4487266977057262,0,-0.38143052862954807,0,1,0,0
1,2,1.6356981612388601,0,0,-0.4794050336045789,0,-0.4086183654691812,0,1,0,0
0,1,-0.5108068561300801,0,0,3.013081311091129,1,0.7657662582873113,0,1,0,1
1,3,1.968776526003006,0,0,-0.7684272507569283,0,-0.4521415506939622,0,1,0,0
1,3,0.8585153101225196,0,0,-0.35184774223566495,1,-0.36060752176437644,0,1,0,0
1,3,-0.06670236977788561,0,0,-0.8160594038630418,0,-0.40362415906082694,0,1,0,0
1,1,1.6356981612388601,0,0,2.6758908772790653,1,0.006985205910295794,1,0,0,0
0,3,-0.9549113424822746,0,0,-0.788881627555174,0,-0.3139369536614082,0,0,1,1
1,3,0.08133245900617922,0,0,-0.7684272507569283,0,-0.4002965806732607,0,1,0,0
1,3,-0.06670236977788561,0,0,-0.7288683439399867,0,-0.3830313079673486,0,1,0,0
1,3,-0.06670236977788561,0,0,3.2036099235155833,1,0.5457444112579574,0,1,0,0
1,3,1.117576260494633,0,0,-0.24851018973426617,1,-0.35690042058185867,0,1,0,0
0,2,0.8215066029265035,0,0,-0.27111527934394725,1,-0.34523589224090356,0,1,0,1
1,3,-0.21473719856195045,0,0,-0.7861883925931062,0,-0.387784047605864,0,1,0,0
1,3,-0.8808939280902423,0,0,-0.7288683439399867,0,-0.3022806372443108,0,1,0,0
1,3,-2.065172558362761,1,0,1.274911385032447,1,8.263010695812548,0,1,0,0
1,3,-1.4730332432265016,1,0,0.03728272890241435,1,0.39278528952473196,0,1,0,1
0,1,-0.06670236977788561,0,0,2.263884055455989,1,0.3237992383615796,0,1,0,1
0,3,1.1915936748866656,0,0,0.5136042599635489,1,-0.24686481070068925,0,1,0,0
1,1,-0.06670236977788561,0,0,0.386046968594635,1,-0.1197097583368523,0,1,0,0
1,3,-0.06670236977788561,0,0,2.3604917498507345,1,0.3466161173731536,0,1,0,0
1,1,2.3758723051591844,0,1,0.8752856937184443,1,-0.2761489980953733,0,1,0,0
1,3,-1.8431203151866637,1,0,0.5927220735974323,1,2.061607061194558,0,0,1,0
0,3,-2.065172558362761,1,0,-0.5692893284897017,0,1.9473220765130737,0,1,0,1
1,1,2.0057852331990222,0,0,0.6941737157656803,1,-0.27694515486511356,1,0,0,0
1,3,-0.8068765136982098,0,0,-0.7810731837442871,0,-0.3323044120084533,0,1,0,0
1,3,-0.06670236977788561,0,0,0.35644721840001553,1,-0.12670064993399388,0,1,0,0
0,1,1.5616807468468277,0,0,0.5660803608431654,1,-0.26612163954086565,1,0,0,0
1,2,0.08133245900617922,0,0,-0.4487266977057262,0,-0.32966088713756614,0,1,0,0
1,3,0.5254369453583737,0,0,-1.2883443117795905,0,-0.5151687691505014,0,1,0,0
0,3,-0.06670236977788561,0,0,3.2036099235155833,1,0.5457444112579574,0,1,0,0
1,2,-0.06670236977788561,0,0,-0.3163254585633091,1,-0.2855966143676501,1,0,0,0
1,3,-1.4730332432265016,1,0,0.7388478314314414,1,0.8733042158272764,0,1,0,0
1,2,-2.065172558362761,1,0,1.2305085304420023,1,8.110947744450984,0,1,0,1
0,3,-1.8431203151866637,1,0,0.1341616843724756,1,1.4334488330246034,0,1,0,1
1,1,-0.06670236977788561,0,0,1.940954203889118,1,0.2475294194968449,0,1,0,0
0,3,-0.06670236977788561,0,0,-0.28726177192229074,1,-0.278732330669824,0,0,1,1
1,1,1.1915936748866656,0,0,0.4264132000404939,1,-0.25984726030309946,0,1,0,1
1,3,0.8215066029265035,0,0,-0.28726177192229074,1,-0.34793323949343685,0,0,1,0
1,3,0.5254369453583737,0,0,-0.7783864073792506,0,-0.420768088945242,0,1,0,0
0,2,0.22936728779024407,0,0,-0.4487266977057262,0,-0.34090378907774405,0,1,0,1
1,2,-0.7328590993061774,0,0,-0.4487266977057262,0,-0.22763155203045177,0,1,0,0
0,3,-0.7328590993061774,0,0,-0.7810731837442871,0,-0.3414476298655557,0,1,0,1
1,2,-1.9171377295786962,1,0,0.39089091636813805,1,2.3602034020499945,0,1,0,1
0,1,1.117576260494633,0,0,0.5020304540833923,1,-0.24266409604481007,1,0,0,1
1,3,0.9695414317105683,0,0,-0.7455509000719313,0,-0.428710082920794,0,1,0,0
0,2,-0.3627720273460153,0,0,-0.4487266977057262,0,-0.2851389954544617,0,1,0,0
1,3,-0.06670236977788561,0,0,-0.6747775938025358,0,-0.3702561133075056,0,1,0,0
1,3,0.3774021165743089,0,0,-0.8688067658179746,0,-0.4330683623387028,0,1,0,0
1,3,1.2286023820826817,0,0,-0.821710676265462,0,-0.44643572055852926,1,0,0,0
1,3,-0.8068765136982098,0,0,-0.7684272507569283,0,-0.32774572479289815,0,1,0,1
0,3,-1.9911551439707285,1,0,-0.6126135973759131,0,1.0275789919359184,0,1,0,0
1,3,0.22936728779024407,0,0,-0.26465668231260986,1,-0.3026995434464088,0,1,0,0
1,3,-0.21473719856195045,0,0,-0.07493539451707308,1,-0.2073564918489098,1,0,0,1
0,3,-0.9549113424822746,0,0,-0.7878030418509406,0,-0.31350239515227657,0,0,1,1
1,1,0.8215066029265035,0,0,0.7138207679350089,1,-0.1806977098363724,1,0,0,1
1,3,-0.3627720273460153,0,0,-0.8330132210703025,0,-0.39042185341534136,0,1,0,0
0,2,0.4514195309663413,0,0,0.06796106480126718,1,-0.25712254865814915,0,1,0,1
1,3,-0.5108068561300801,0,0,-0.8200960270076277,0,-0.37572764379127993,0,1,0,0
1,3,-0.06670236977788561,0,0,-0.7878030418509406,0,-0.3969505499101627,0,0,1,0
0,3,-0.14071978416991804,0,0,-0.7765004970461,0,-0.3899636897177325,0,1,0,1
1,2,0.9695414317105683,0,0,0.4554768866815122,1,-0.23740473114544453,0,1,0,0
1,2,0.08133245900617922,0,0,-0.6101916234891617,0,-0.3653354798323614,0,1,0,0
1,3,-0.9549113424822746,0,0,-0.7684272507569283,0,-0.30569595486847423,0,1,0,1
1,2,-0.14071978416991804,0,0,-0.4487266977057262,0,-0.30978504263618023,0,1,0,0
1,3,1.6356981612388601,0,0,-0.7684272507569283,0,-0.44668727217368476,0,1,0,0
1,3,-0.5108068561300801,0,0,-0.684465489349542,0,-0.3353378005837814,0,1,0,0
1,2,-0.7328590993061774,0,0,-0.6101916234891617,0,-0.2829271707073844,0,1,0,1
1,3,-0.6218329777181287,0,0,-0.8200960270076277,0,-0.3659991931848227,0,1,0,0
1,2,-0.8068765136982098,0,0,-0.4487266977057262,0,-0.2124980142872913,0,1,0,0
0,3,-0.06670236977788561,0,0,0.35644721840001553,1,-0.12670064993399388,0,1,0,0
1,3,0.007315044614146799,0,0,-0.7861883925931062,0,-0.40052251976032777,0,1,0,0
1,2,2.2278374763751194,0,0,-0.4164337125490391,0,-0.41563665553202267,0,1,0,0
0,3,-1.7691029007946313,1,0,0.7388478314314414,1,1.7989528724791282,0,1,0,1
1,2,-0.3627720273460153,0,0,-0.6101916234891617,0,-0.32937549039600783,0,1,0,0
0,3,-0.06670236977788561,0,0,-0.8007202359136154,0,-0.400001342664752,0,1,0,0
1,2,1.117576260494633,0,0,0.39089091636813805,1,-0.2595801317104573,0,1,0,0
0,2,-1.547050657618534,1,0,0.4070374089464816,1,0.7750623333112594,0,1,0,1
1,2,-0.7328590993061774,0,0,-0.6101916234891617,0,-0.2829271707073844,0,1,0,0
1,2,0.3033847021822765,0,0,-0.4955515261829225,0,-0.35546201167771363,0,1,0,0
0,3,-0.06670236977788561,0,0,-0.35480577967601745,1,-0.2946849259835719,1,0,0,0
1,2,0.007315044614146799,0,0,-0.6101916234891617,0,-0.36034103685509006,0,1,0,0
1,3,-0.5108068561300801,0,0,-0.8281692732967995,0,-0.3781318011250597,0,1,0,0
1,3,0.08133245900617922,0,0,-0.821710676265462,0,-0.4120691962625431,1,0,0,0
0,3,-0.28875461295398286,0,0,-0.7861883925931062,0,-0.38288463523876254,0,1,0,0
0,2,-0.3627720273460153,0,0,-0.35184774223566495,1,-0.25859709848953405,0,1,0,1
1,1,0.5994543597504062,0,0,2.105919689263539,1,0.09662428412765693,0,1,0,1
1,2,1.8577504044149573,0,0,0.39089091636813805,1,-0.3060507930631926,0,1,0,0
1,3,-0.06670236977788561,0,0,-0.8200960270076277,0,-0.40457753179663614,0,1,0,0
0,3,0.007315044614146799,0,0,-0.6126135973759131,0,-0.3608939930418594,0,1,0,0
1,1,2.4498897195512166,0,1,0.4264132000404939,1,-0.32874354046827137,0,1,0,0
1,3,0.08133245900617922,0,0,-0.24851018973426617,1,-0.28542439219602006,0,1,0,0
0,3,0.8955240173185358,0,0,0.017099613179484927,1,-0.3022806372443108,0,1,0,0
0,3,0.007315044614146799,0,0,-0.3036795255759505,1,-0.29036185095722694,1,0,0,1
0,2,1.5616807468468277,0,0,0.39089091636813805,1,-0.2896493831739919,0,1,0,1
1,3,-1.9171377295786962,1,0,0.7388478314314414,1,2.9560136932939427,0,1,0,1
1,1,0.8215066029265035,0,0,-1.2883443117795905,0,-0.5151687691505014,0,1,0,0
0,3,-0.06670236977788561,0,0,-0.7878030418509406,0,-0.3969505499101627,0,0,1,0
1,2,0.5254369453583737,0,0,-0.6101916234891617,0,-0.38963276999205976,0,1,0,0
1,3,-0.9549113424822746,0,0,1.274911385032447,1,0.5175582267275046,0,1,0,0
1,3,-0.28875461295398286,0,0,-0.7861883925931062,0,-0.38288463523876254,0,1,0,1
1,1,-0.06670236977788561,0,0,0.7138207679350089,1,-0.04229589218914668,0,1,0,0
1,3,-0.28875461295398286,0,0,-1.2883443117795905,0,-0.5151687691505014,0,1,0,1
0,2,0.8955240173185358,0,0,-0.02891789066879408,1,-0.30978504263618023,0,1,0,1
1,1,0.5994543597504062,0,0,0.6298590065276224,1,-0.16942563763368063,1,0,0,0
0,3,1.1915936748866656,0,0,-0.7878030418509406,0,-0.4406398918033313,0,1,0,0
1,2,-0.06670236977788561,0,0,-1.2883443117795905,0,-0.5151687691505014,0,1,0,0
1,3,-1.6210680720105664,1,0,0.5927220735974323,1,1.0953161248151608,0,0,1,0
0,3,0.4514195309663413,0,0,0.019521587066236547,1,-0.26633848510430463,0,1,0,1
1,3,2.6719419627273138,0,1,-0.7878030418509406,0,-0.46322440009035254,0,0,1,0
1,3,-0.06670236977788561,0,0,-0.7810731837442871,0,-0.3953610868850216,0,1,0,0
1,3,-0.9549113424822746,0,0,-0.6747775938025358,0,-0.26796482683009676,0,1,0,0
1,3,-0.7328590993061774,0,0,-0.7684272507569283,0,-0.3371168770107783,0,1,0,1
1,1,-0.06670236977788561,0,0,0.39089091636813805,1,-0.11856571105388126,0,1,0,0
1,3,0.3033847021822765,0,0,-0.7288683439399867,0,-0.40246328755310634,1,0,0,0
1,3,0.08133245900617922,0,0,-0.6747775938025358,0,-0.3796053169102795,0,1,0,1
1,3,-0.5108068561300801,0,0,-0.7783864073792506,0,-0.3633068053420407,0,1,0,0
1,2,0.9695414317105683,0,0,-0.4487266977057262,0,-0.38143052862954807,0,1,0,1
0,3,-0.5108068561300801,0,0,-0.7878030418509406,0,-0.3661110144561613,0,0,1,1
1,2,0.5254369453583737,0,0,-0.456799943994898,0,-0.3612377225633646,1,0,0,0
0,3,-0.3627720273460153,0,0,-0.7167584745062291,0,-0.3585715770574282,0,1,0,0
1,3,-0.3627720273460153,0,0,-0.7783864073792506,0,-0.3754557624467175,0,1,0,0
1,3,-0.3997807345420315,0,0,-0.821439415190146,0,-0.3846404143621646,1,0,0,0
1,1,-0.06670236977788561,0,0,0.6815277827783218,1,-0.049922874075620106,0,1,0,1
1,3,-0.06670236977788561,0,0,0.21327949800635906,1,-0.16051411142948532,0,0,1,1
1,3,-0.7328590993061774,0,0,-1.2883443117795905,0,-0.5151687691505014,0,1,0,0
0,2,-0.06670236977788561,0,0,-0.4907075784094194,0,-0.3267823165546068,0,0,1,1
1,2,0.08133245900617922,0,0,0.2617189757413897,1,-0.17269267928046714,1,0,0,0
0,1,0.08133245900617922,0,0,2.388483309384551,1,0.29720163982571335,1,0,0,1
0,2,-0.21473719856195045,0,0,0.39089091636813805,1,-0.08918770675042795,0,1,0,0
1,2,1.0435588461026006,0,0,0.4070374089464816,1,-0.2512578618287776,0,1,0,0
0,3,-0.21473719856195045,0,0,-0.7810731837442871,0,-0.38648644375424535,0,1,0,1
0,2,-0.3627720273460153,0,0,0.39089091636813805,1,-0.05510922175842204,0,1,0,1
1,2,1.8577504044149573,0,0,-0.38414072739235205,1,-0.4025667820265659,0,1,0,0
1,3,-0.14071978416991804,0,0,-0.7783864073792506,0,-0.3904250131649801,0,1,0,0
0,2,0.08133245900617922,0,0,-0.4907075784094194,0,-0.3389362812382129,0,0,1,1
0,2,-0.5108068561300801,0,0,0.5846488273082605,1,0.0425957322863841,0,1,0,1
1,3,2.3758723051591844,0,1,-0.885489321949919,0,-0.4706647147637443,0,1,0,0
0,2,0.5254369453583737,0,0,-0.4487266977057262,0,-0.359743246382907,0,1,0,1
0,3,0.15534987339821163,0,0,0.03728272890241435,1,-0.23143312581449094,0,1,0,1
0,1,-0.9549113424822746,0,0,2.4562985782135933,1,0.9935351058582568,1,0,0,1
0,3,-0.06670236977788561,0,0,0.21327949800635906,1,-0.16051411142948532,0,0,1,1
1,1,1.2286023820826817,0,0,0.5523558421515735,1,-0.2440418646700576,0,1,0,0
1,3,-0.9549113424822746,0,0,-0.12579684613885533,1,-0.04678235212236632,0,1,0,0
1,1,0.007315044614146799,0,0,3.013081311091129,1,0.46688141855182164,0,1,0,0
1,3,1.1915936748866656,0,0,-0.7684272507569283,0,-0.4377549030027957,0,1,0,1
1,1,1.1915936748866656,0,0,1.0044576343451928,1,-0.173778427753787,0,1,0,0
1,2,-1.9911551439707285,1,0,0.39089091636813805,1,3.318660792450159,0,1,0,1
1,2,-0.06670236977788561,0,0,-0.4487266977057262,0,-0.3168672401021913,0,1,0,0
1,2,0.5254369453583737,0,0,-0.4487266977057262,0,-0.359743246382907,0,1,0,0
0,2,-0.3627720273460153,0,0,-0.4487266977057262,0,-0.2851389954544617,0,1,0,1
0,2,0.8215066029265035,0,0,-0.4487266977057262,0,-0.37490671201876985,0,1,0,1
0,3,-0.06670236977788561,0,0,-0.24851018973426617,1,-0.2695799524060558,0,1,0,1
1,3,-1.9171377295786962,1,0,-0.2614273837969411,1,1.2432319047759555,0,1,0,1
1,3,0.9695414317105683,0,0,-0.7288683439399867,0,-0.4260528069572123,0,1,0,0
1,3,-0.43678944173804773,0,0,-0.6925387356387137,0,-0.3451347417189336,0,1,0,0
1,1,-0.06670236977788561,0,0,0.9721646491885055,1,0.01871996290264105,0,1,0,0
1,3,-1.028928756874307,0,0,-0.821439415190146,0,-0.3152972258808608,1,0,0,0
1,3,-0.28875461295398286,0,0,-0.13871404020153014,1,-0.21231891916607046,0,1,0,0
0,1,-0.5108068561300801,0,0,2.263884055455989,1,0.5426604577125572,0,1,0,1
0,2,0.6734717741424385,0,0,-0.4487266977057262,0,-0.36771378601201443,0,1,0,0
1,3,0.8215066029265035,0,0,0.5136042599635489,1,-0.21414481576778532,0,1,0,0
1,2,0.007315044614146799,0,0,0.5020304540833923,1,-0.10641175949196444,1,0,0,0
0,3,1.1915936748866656,0,0,-0.35480577967601745,1,-0.37616808541482843,1,0,0,0
1,3,0.4514195309663413,0,0,-0.8330132210703025,0,-0.42853896655664026,0,1,0,0
1,3,0.08133245900617922,0,0,-0.8200960270076277,0,-0.41171245033559517,0,1,0,0
0,3,-0.06670236977788561,0,0,-0.821439415190146,0,-0.40489481424311347,1,0,0,1
0,1,-0.3627720273460153,0,0,3.1874634309372394,1,0.7110668706291561,1,0,0,1
1,1,-0.28875461295398286,0,0,2.2924116785434063,1,0.42811833915746605,1,0,0,1
1,3,-0.8068765136982098,0,0,-0.8688067658179746,0,-0.36393117765508287,0,1,0,0
1,3,-0.7328590993061774,0,0,-0.7684272507569283,0,-0.3371168770107783,0,1,0,0
0,3,-1.9171377295786962,1,0,0.07280501257477019,1,1.8155415580822076,0,1,0,0
0,3,-0.5108068561300801,0,0,-0.8200960270076277,0,-0.37572764379127993,0,1,0,1
1,3,-0.658841684914145,0,0,-1.0291931058971766,0,-0.4306454663157615,1,0,0,0
1,3,-0.7328590993061774,0,0,-0.7861883925931062,0,-0.34319939506524094,0,1,0,0
0,3,-2.065172558362761,1,0,-0.2716513428975482,1,2.9666193929561784,1,0,0,1
1,3,0.22936728779024407,0,0,-0.7765004970461,0,-0.4089341562984551,0,1,0,0
0,1,0.4514195309663413,0,0,2.0701261445158665,1,0.12380282444960876,0,1,0,1
1,2,-0.8068765136982098,0,0,3.4587245062534113,1,1.1960851141145707,0,1,0,0
1,3,-2.065172558362761,1,0,1.7407376959176581,1,9.858289294642054,0,1,0,0
1,3,-0.06670236977788561,0,0,-0.7891464300334589,0,-0.39726783235664,0,0,1,0
0,2,-0.8808939280902423,0,0,-0.5133126680191004,0,-0.22025880287352745,1,0,0,1
1,3,-0.5848242705221126,0,0,-0.7848450044105881,0,-0.35841473857536277,0,1,0,1
1,3,-0.06670236977788561,0,0,-0.7765004970461,0,-0.394281106249897,0,1,0,0
0,3,-0.3627720273460153,0,0,-0.20975860754624182,1,-0.21966898294097353,0,1,0,1
1,3,-0.5108068561300801,0,0,-0.7848450044105881,0,-0.3652301312090644,0,1,0,0
0,3,0.15534987339821163,0,0,-0.7810731837442871,0,-0.40659305709741034,0,1,0,0
1,2,1.265611089278698,0,0,0.39089091636813805,1,-0.2704562439419485,0,1,0,0
1,2,-0.43678944173804773,0,0,-0.6101916234891617,0,-0.3216341037812372,0,1,0,0
0,2,-0.06670236977788561,0,0,-0.47133178731540715,0,-0.3222061274227227,0,1,0,1
1,3,0.747489188534471,0,0,-0.7765004970461,0,-0.4275252135475632,0,1,0,1
1,3,-0.21473719856195045,0,0,-0.7684272507569283,0,-0.38327847867663245,0,1,0,0
0,3,-0.5848242705221126,0,0,-0.6537871534506893,0,-0.31761260424109666,0,1,0,0
1,3,-0.06670236977788561,0,0,-0.26465668231260986,1,-0.27339344334929255,0,1,0,0
0,3,-0.658841684914145,0,0,-0.7288683439399867,0,-0.3326932275166237,0,1,0,0
1,2,0.3774021165743089,0,0,0.06796106480126718,1,-0.24974979950122483,0,1,0,0
1,3,1.6356981612388601,0,0,-0.7878030418509406,0,-0.44923937765108174,0,1,0,0
1,2,-1.9171377295786962,1,0,-0.0773573684038247,1,1.5584169312344713,0,1,0,1
1,3,-0.5848242705221126,0,0,-0.7861883925931062,0,-0.35883297452753726,0,1,0,0
1,3,-0.06670236977788561,0,0,-0.8453943515793764,0,-0.41055250940649946,0,0,1,0
1,3,1.117576260494633,0,0,-0.7765004970461,0,-0.4372633863923341,0,1,0,1
0,3,-0.06670236977788561,0,0,-0.7684272507569283,0,-0.3923743607782786,0,1,0,0
0,2,0.3774021165743089,0,0,0.8106997234050701,1,-0.10440131612185911,0,1,0,1
0,2,-0.8068765136982098,0,0,-0.4487266977057262,0,-0.2124980142872913,0,1,0,1
0,3,-1.3990158288344692,1,0,0.27140687128839575,1,0.4560233697934422,0,1,0,0
1,3,-0.5848242705221126,0,0,-0.788881627555174,0,-0.3596714571816566,0,0,1,0
1,3,0.007315044614146799,0,0,-0.7797297955617688,0,-0.39904796992894287,0,1,0,0
0,3,-0.06670236977788561,0,0,-0.35830633926700234,1,-0.2955116908200656,0,1,0,0
1,3,-0.8068765136982098,0,0,0.017099613179484927,1,-0.0445739512526065,0,1,0,0
0,2,-0.06670236977788561,0,0,0.39089091636813805,1,-0.11856571105388126,0,1,0,1
0,2,-0.7328590993061774,0,0,0.39089091636813805,1,0.059905665089597784,0,1,0,1
1,3,0.22936728779024407,0,0,-0.7684272507569283,0,-0.4072585314900632,0,1,0,1
1,1,-0.06670236977788561,0,0,0.4264132000404939,1,-0.11017603097876046,0,1,0,1
0,2,0.9695414317105683,0,0,0.39089091636813805,1,-0.24769228810859478,0,1,0,1
1,3,-0.8808939280902423,0,0,-0.8281692732967995,0,-0.3400659766735481,0,1,0,0
1,1,1.5616807468468277,0,0,2.322011428738026,1,-0.03030208930100607,0,1,0,0
0,3,-0.5848242705221126,0,0,0.9317984177426467,1,0.17602646431115623,0,1,0,0
0,2,-0.3627720273460153,0,0,-0.0773573684038247,1,-0.1833950570889057,0,1,0,1
1,2,0.15534987339821163,0,0,-0.6101916234891617,0,-0.37001777012355325,0,1,0,0
0,2,1.1915936748866656,0,0,0.4070374089464816,1,-0.26273224910363513,0,1,0,1
1,3,-0.658841684914145,0,0,-0.6747775938025358,0,-0.31505129203398335,0,1,0,0
1,3,-0.28875461295398286,0,0,-0.7861883925931062,0,-0.38288463523876254,0,1,0,0
0,2,-0.06670236977788561,0,0,-0.4487266977057262,0,-0.3168672401021913,0,1,0,1
1,3,-0.06670236977788561,0,0,-0.7643906276123424,0,-0.39142098804246933,0,1,0,1
0,2,-1.176963585658372,0,0,-0.02891789066879408,1,0.10098241039246196,0,1,0,1
1,1,0.3774021165743089,0,0,0.4264132000404939,1,-0.17960335752248746,0,1,0,1
0,3,-1.7691029007946313,1,0,-0.04452831969353672,1,0.9046973817374602,1,0,0,1
1,1,1.7097155756308924,0,0,0.6815277827783218,1,-0.26060026052462293,0,1,0,1
1,2,0.5254369453583737,0,0,0.5039163644165429,1,-0.1833950570889057,0,1,0,0
1,3,-0.06670236977788561,0,0,0.0012243816764576098,1,-0.21059745068520194,0,1,0,0
1,1,0.08133245900617922,0,0,0.5039163644165429,1,-0.1191807902382743,1,0,0,0
1,3,0.007315044614146799,0,0,-0.7783864073792506,0,-0.3987412635640148,1,0,0,1
1,1,2.6719419627273138,0,1,0.4264132000404939,1,-0.33721741449928183,0,1,0,0
0,1,-0.06670236977788561,0,0,2.0612455735977773,1,0.27593992702395853,0,1,0,1
0,2,1.5616807468468277,0,0,-0.6101916234891617,0,-0.4240936325061418,0,1,0,1
1,1,1.4136459180627627,0,0,0.4264132000404939,1,-0.2754791894162057,0,1,0,1
1,3,0.3774021165743089,0,0,-0.7684272507569283,0,-0.41342483078494535,0,1,0,0
1,1,1.3396285036707303,0,0,1.1982155452853152,1,-0.1603552159735171,0,1,0,0
1,2,1.4136459180627627,0,0,-0.4487266977057262,0,-0.3978066397137464,0,1,0,0
1,3,0.6734717741424385,0,0,-0.8330132210703025,0,-0.4352027975253988,0,1,0,0
1,1,2.0057852331990222,0,0,0.4264132000404939,1,-0.3091198321859314,0,1,0,0
1,3,-0.06670236977788561,0,0,-0.789417691108775,0,-0.39733189900448634,0,0,1,0
0,3,-2.083676911960769,1,0,-0.04452831969353672,1,4.352943748179652,1,0,0,1
1,3,0.6734717741424385,0,0,-0.7288683439399867,0,-0.4169127082707211,0,1,0,0
0,2,0.3033847021822765,0,0,0.5039163644165429,1,-0.15412090602464726,0,1,0,1
0,2,-0.43678944173804773,0,0,-0.39759398500862786,1,-0.26096190778161754,1,0,0,1
0,3,-0.5108068561300801,0,0,-0.652979828821772,0,-0.32596158698204064,0,1,0,0
1,1,-0.06670236977788561,0,0,2.0701261445158665,1,0.2780373470427388,0,1,0,0
1,3,0.007315044614146799,0,0,-0.8332844821456187,0,-0.4112749371307862,0,1,0,0
1,3,-0.5108068561300801,0,0,-0.8026061462467659,0,-0.3705192773433797,0,1,0,0
0,3,-1.9911551439707285,1,0,-0.49474420155400534,0,1.296684336163657,0,1,0,1
1,3,-1.4730332432265016,1,0,1.7407376959176581,1,1.5595228436080097,0,1,0,0
1,3,1.5616807468468277,0,0,-0.7684272507569283,0,-0.4453444977231589,0,1,0,0
0,3,2.5239071339432493,0,1,-0.6691263214001155,0,-0.44890042614236486,0,1,0,1
1,1,2.153820061983087,0,0,0.6298590065276224,1,-0.2924867522413626,1,0,0,0
1,3,-1.4730332432265016,1,0,-0.2614273837969411,1,0.18819150042008145,0,1,0,1
1,3,-0.5848242705221126,0,0,-0.8200960270076277,0,-0.36938941082040627,0,1,0,0
1,1,1.9317678188069898,0,0,0.6815277827783218,1,-0.2742378592010093,0,1,0,0
1,1,3.1160464490795086,0,1,1.9089324798077472,1,-0.2110170618053228,1,0,0,0
1,3,-0.06670236977788561,0,0,-0.3545409771977327,1,-0.2946223847321028,1,0,0,0
1,3,-0.06670236977788561,0,0,-0.31309616004764046,1,-0.2848339161790027,0,1,0,0
1,3,-0.3627720273460153,0,0,-0.7848450044105881,0,-0.3772252222443794,0,1,0,0
0,3,-0.5848242705221126,0,0,-0.7878030418509406,0,-0.3593356619700549,0,0,1,0
0,3,-0.06670236977788561,0,0,-0.7956050270647962,0,-0.39879322873393463,0,0,1,0
0,3,0.5994543597504062,0,0,-0.6691263214001155,0,-0.40355892829469264,0,1,0,0
0,2,0.3033847021822765,0,0,0.39089091636813805,1,-0.1768896901857372,0,1,0,1
1,1,-0.06670236977788561,0,0,0.4264132000404939,1,-0.11017603097876046,0,1,0,1
1,3,-0.06670236977788561,0,0,0.16645466952916269,1,-0.17157323516487186,0,1,0,0
1,3,-0.21473719856195045,0,0,2.3604917498507345,1,0.41045203489342447,0,1,0,1
1,3,0.007315044614146799,0,0,-0.7878030418509406,0,-0.400891157218174,0,0,1,1
1,1,0.5254369453583737,0,0,0.4094593828332332,1,-0.20088042840026007,0,1,0,1
0,1,1.8577504044149573,0,0,2.5480623248348353,1,-0.037414623781803595,1,0,0,1
1,3,-0.3627720273460153,0,0,-0.8042207955046003,0,-0.3825336016373649,0,1,0,0
1,1,1.3396285036707303,0,0,0.9089220670576497,1,-0.20163523850313655,0,1,0,0
0,2,0.3774021165743089,0,0,-0.6101916234891617,0,-0.38245928432586307,0,1,0,1
1,3,-0.06670236977788561,0,0,0.27140687128839575,1,-0.1467855440338331,0,0,1,0
0,2,0.5254369453583737,0,0,0.39089091636813805,1,-0.2043177236153126,0,1,0,1
1,3,0.22936728779024407,0,0,-0.7783864073792506,0,-0.40932558225369536,0,1,0,0
0,1,1.117576260494633,0,0,2.4562985782135933,1,0.05478602807502947,1,0,0,1
1,3,-0.06670236977788561,0,0,-0.821439415190146,0,-0.40489481424311347,1,0,0,0
1,3,0.8585153101225196,0,0,-0.7878030418509406,0,-0.43255844727171044,0,0,1,0
1,3,0.747489188534471,0,0,-0.7765004970461,0,-0.4275252135475632,0,1,0,0
1,2,-0.43678944173804773,0,0,-0.5456056531757875,0,-0.30320223088892634,0,1,0,0
0,2,-1.9911551439707285,1,0,0.39089091636813805,1,3.318660792450159,0,1,0,1
1,3,-0.8808939280902423,0,0,-0.821439415190146,0,-0.337505175133043,1,0,0,0
0,3,-0.06670236977788561,0,0,0.1556881882779233,1,-0.1741160709258221,1,0,0,1
0,3,0.08133245900617922,0,0,-0.7288683439399867,0,-0.3915563054630359,0,1,0,0
0,2,-1.6210680720105664,1,0,0.4070374089464816,1,0.9363412211189795,0,1,0,1
1,1,1.1915936748866656,0,0,0.4264132000404939,1,-0.25984726030309946,0,1,0,0
1,3,-0.06670236977788561,0,0,-0.35184774223566495,1,-0.2939862944427709,0,1,0,0
0,1,-0.5108068561300801,0,0,1.908661218732431,1,0.43687753502625126,1,0,0,1
0,1,0.5254369453583737,0,0,3.2972595804699756,1,0.33369370134943704,0,1,0,1
0,3,-1.4730332432265016,1,0,0.7315819097711868,1,0.8683276101463524,0,1,0,0
0,3,-1.3249984144424367,1,0,0.7315819097711868,1,0.6377448802635434,0,1,0,0
1,2,0.22936728779024407,0,0,0.39089091636813805,1,-0.16663880900498673,0,1,0,1
1,1,2.5979245483352815,0,1,0.39089091636813805,1,-0.338222789384317,0,1,0,0
0,2,-0.7328590993061774,0,0,0.39089091636813805,1,0.059905665089597784,0,1,0,1
1,2,-0.06670236977788561,0,0,-0.3930212983104409,1,-0.30371069634802456,1,0,0,1
1,3,0.3033847021822765,0,0,0.03728272890241435,1,-0.2481234577754327,0,1,0,0
1,2,-1.547050657618534,1,0,1.0851900972369104,1,1.2911547742959637,0,1,0,1
1,2,-0.14071978416991804,0,0,0.39089091636813805,1,-0.10440131612185911,0,1,0,0
1,3,-0.06670236977788561,0,0,-0.7826878330021214,0,-0.3957424359793453,0,0,1,0
1,3,-0.5108068561300801,0,0,-0.821710676265462,0,-0.37620847525803597,1,0,0,1
0,3,-0.5108068561300801,0,0,-0.7861883925931062,0,-0.36563018298940536,0,1,0,1
0,1,1.4136459180627627,0,0,1.269260112630027,1,-0.1576656671739248,1,0,0,1
0,3,0.5254369453583737,0,0,-0.16454842832687994,1,-0.3071376848307981,0,1,0,1
1,3,0.8215066029265035,0,0,-0.7783864073792506,0,-0.4299779114042917,0,1,0,0
1,2,-0.06670236977788561,0,0,-0.4164337125490391,0,-0.3092402582157179,0,1,0,0
1,3,-0.3627720273460153,0,0,0.27140687128839575,1,-0.08784422801516617,0,1,0,0
1,3,-0.7328590993061774,0,0,-0.7783864073792506,0,-0.34052751077077154,0,1,0,0
0,3,0.007315044614146799,0,0,0.07280501257477019,1,-0.2044073921861401,0,1,0,0
1,3,0.22936728779024407,0,0,-0.7810731837442871,0,-0.4098832301899282,0,1,0,1
1,2,2.4498897195512166,0,1,-0.6101916234891617,0,-0.4414412775812579,0,1,0,1
0,1,1.7837329900229248,0,0,2.036489771176661,1,-0.09345407092923484,0,1,0,1
1,1,0.5254369453583737,0,0,0.41591797986457046,1,-0.199684847455894,0,1,0,1
1,3,-0.9549113424822746,0,0,-0.7684272507569283,0,-0.30569595486847423,0,1,0,0
1,3,-0.7328590993061774,0,0,-0.35184774223566495,1,-0.19445418082429222,0,1,0,0
0,2,0.3774021165743089,0,0,-0.4487266977057262,0,-0.35086178793904443,0,1,0,1
0,1,0.747489188534471,0,0,2.322011428738026,1,0.10303624765760518,0,1,0,1
0,3,-0.06670236977788561,0,0,-0.3545409771977327,1,-0.2946223847321028,1,0,0,0
1,3,0.22936728779024407,0,0,-0.7765004970461,0,-0.4089341562984551,0,1,0,1
0,2,-0.28875461295398286,0,0,0.6492347976216347,1,-0.004747673671123483,0,1,0,1
1,2,1.8577504044149573,0,0,0.39089091636813805,1,-0.3060507930631926,0,1,0,0
1,1,0.5254369453583737,0,0,1.3031677470445482,1,-0.03544191522359955,1,0,0,0
1,3,-0.06670236977788561,0,0,-0.7256390454243179,0,-0.38226860977870125,1,0,0,0
1,2,1.3396285036707303,0,0,-0.31955475707897785,1,-0.3769297224581698,0,1,0,0
1,3,0.4514195309663413,0,0,-0.8281692732967995,0,-0.42761737291202473,0,1,0,0
1,3,1.3396285036707303,0,0,-0.8200960270076277,0,-0.4483532299158744,0,1,0,0
0,3,-0.06670236977788561,0,0,-0.7878030418509406,0,-0.3969505499101627,0,0,1,0
1,2,0.5994543597504062,0,0,0.39089091636813805,1,-0.2124980142872913,0,1,0,0
1,3,0.5254369453583737,0,0,0.27140687128839575,1,-0.22643597108608568,0,1,0,0
0,2,-0.06670236977788561,0,0,0.8429927085617572,1,-0.011787964643252765,0,1,0,1
1,3,1.4876633324547952,0,0,-1.2883443117795905,0,-0.5151687691505014,0,1,0,0
1,1,1.4876633324547952,0,0,2.388483309384551,1,-0.011499115585248246,1,0,0,1
0,2,-0.3627720273460153,0,0,0.4554768866815122,1,-0.037414623781803595,0,1,0,1
1,1,-0.06670236977788561,0,0,1.4501008295074744,1,0.13159929482244834,0,1,0,0
1,3,1.117576260494633,0,0,-0.7684272507569283,0,-0.43603459486618,0,1,0,0
1,1,0.4514195309663413,0,0,0.4264132000404939,1,-0.18892461895659896,1,0,0,1
1,3,0.5254369453583737,0,0,-0.284032473406622,1,-0.32925593230157113,0,1,0,0
1,3,0.08133245900617922,0,0,-0.7783864073792506,0,-0.40249698955067564,0,1,0,0
1,1,-0.14071978416991804,0,0,0.6815277827783218,1,-0.03330694925151724,0,1,0,1
0,2,-0.5108068561300801,0,0,1.3970886650742569,1,0.28453473975103477,1,0,0,1
0,3,0.747489188534471,0,0,0.7315819097711868,1,-0.1692946743262879,0,1,0,0
1,3,-0.06670236977788561,0,0,-0.8330132210703025,0,-0.4076283245512255,0,1,0,0
0,2,-0.3627720273460153,0,0,2.9097437585897308,1,0.6349800993296969,0,1,0,1
1,3,0.3774021165743089,0,0,-0.35830633926700234,1,-0.333167189962426,0,1,0,0
0,3,-0.21473719856195045,0,0,-0.24851018973426617,1,-0.25138818820276354,0,1,0,0
0,2,-1.8431203151866637,1,0,1.2305085304420023,1,2.935277836290093,0,1,0,1
1,2,-0.21473719856195045,0,0,-0.6101916234891617,0,-0.3431379554889333,0,1,0,0
1,3,-0.14071978416991804,0,0,-0.35480577967601745,1,-0.2868105030133244,1,0,0,0
1,1,0.9695414317105683,0,0,2.105919689263539,1,0.025485557002289633,0,1,0,1
1,3,-0.658841684914145,0,0,-0.2716513428975482,1,-0.18356989656891276,1,0,0,1
1,3,-0.5848242705221126,0,0,-0.7810731837442871,0,-0.3572404607096417,0,1,0,0
1,3,-0.5848242705221126,0,0,-0.24851018973426617,1,-0.19143805616918677,0,1,0,0
1,1,2.3758723051591844,0,1,0.7991259175249134,1,-0.2845624940365138,0,1,0,0
1,2,2.0798026475910545,0,0,-0.4907075784094194,0,-0.42097554285255406,0,0,1,0
1,3,-0.21473719856195045,0,0,-0.7783864073792506,0,-0.38580487405440517,0,1,0,0
1,3,-0.06670236977788561,0,0,-0.788881627555174,0,-0.3972052911051709,0,0,1,0
1,1,3.7822031786078,0,1,0.6492347976216347,1,-0.351329898996627,0,1,0,1
1,3,1.6356981612388601,0,0,-0.8327419599949863,0,-0.4551585609549909,0,1,0,0
1,1,0.22936728779024407,0,0,0.6815277827783218,1,-0.10631631590287845,1,0,0,1
1,1,-0.06670236977788561,0,0,-1.2883443117795905,0,-0.5151687691505014,0,1,0,0
0,3,-1.4730332432265016,1,0,0.5136042599635489,1,0.7190294397186344,0,1,0,0
1,2,0.15534987339821163,0,0,0.4070374089464816,1,-0.1522912715831311,0,1,0,0
0,3,0.8955240173185358,0,0,1.274911385032447,1,-0.09716022319987987,0,1,0,0
1,3,-0.06670236977788561,0,0,-0.24851018973426617,1,-0.2695799524060558,0,1,0,0
0,3,-1.9911551439707285,1,0,0.5136042599635489,1,3.5988252604132844,0,1,0,0
1,3,-0.06670236977788561,0,0,2.3604917498507345,1,0.3466161173731536,0,1,0,1
1,1,2.0057852331990222,0,0,1.0044576343451928,1,-0.2396607743391178,1,0,0,1
1,3,-0.06670236977788561,0,0,-0.8007202359136154,0,-0.400001342664752,0,1,0,0
0,3,-0.43678944173804773,0,0,-0.8007202359136154,0,-0.3760081288135543,0,1,0,1
0,2,-0.8068765136982098,0,0,0.1971330054280155,1,0.020325643299793365,0,1,0,1
1,3,-0.5848242705221126,0,0,-0.7436714483358121,0,-0.3455962087911647,0,1,0,0
0,3,-0.06670236977788561,0,0,-0.7826878330021214,0,-0.3957424359793453,0,0,1,1
0,3,-0.8068765136982098,0,0,-0.8523890121643147,0,-0.3580128002792192,0,0,1,0
1,2,-0.3627720273460153,0,0,3.4587245062534113,1,0.7853841821309535,0,1,0,0
0,3,0.22936728779024407,0,0,-0.28726177192229074,1,-0.3073912929099061,0,0,1,0
1,2,-0.43678944173804773,0,0,-0.4487266977057262,0,-0.27555442155046006,0,1,0,0
1,3,0.8215066029265035,0,0,-0.821710676265462,0,-0.43721543355228903,1,0,0,0
1,1,1.3396285036707303,0,0,0.3642492036138711,1,-0.2793559953344992,0,1,0,0
1,3,0.5254369453583737,0,0,-0.8042207955046003,0,-0.42555041272270644,0,1,0,0
1,3,-0.658841684914145,0,0,-0.7765004970461,0,-0.3482286632401429,0,1,0,1
1,2,0.22936728779024407,0,0,3.4587245062534113,1,0.4700986181839341,0,1,0,0
1,3,-0.06670236977788561,0,0,-0.7861883925931062,0,-0.39656920081583896,0,1,0,0
1,3,1.0435588461026006,0,0,-0.7684272507569283,0,-0.4342360909051727,0,1,0,0
0,1,-0.06670236977788561,0,0,2.0701261445158665,1,0.2780373470427388,0,1,0,1
0,2,0.8215066029265035,0,0,1.2305085304420023,1,-0.0943825977553069,0,1,0,1
1,1,0.15534987339821163,0,0,2.0701261445158665,1,0.20367427364962254,0,1,0,0
1,2,3.042029034687476,0,1,-0.6101916234891617,0,-0.4497486005749754,0,1,0,0
1,2,0.15534987339821163,0,0,-0.4487266977057262,0,-0.33545800845047036,0,1,0,1
1,3,-0.8068765136982098,0,0,-0.7861883925931062,0,-0.334148375376543,0,1,0,0
1,3,-0.3257633201499991,0,0,-0.7684272507569283,0,-0.37552022629581666,0,1,0,0
0,3,-0.8068765136982098,0,0,-0.6527085677464559,0,-0.2860307100630203,0,1,0,1
0,3,1.0435588461026006,0,0,1.7407376959176581,1,-0.043647948069021475,0,1,0,0
0,3,-0.06670236977788561,0,0,-0.7627759783545082,0,-0.39103963894814575,0,0,1,0
1,3,-0.658841684914145,0,0,-0.6925387356387137,0,-0.32084416637156676,0,1,0,0
1,3,-1.1029461712663395,0,0,1.7407376959176581,1,0.8679589726885062,0,1,0,0
1,2,2.3018548907671517,0,0,1.2305085304420023,1,-0.23234527690127224,0,1,0,0
1,2,-0.28875461295398286,0,0,1.3970886650742569,1,0.19226125795470364,1,0,0,0
1,3,-1.1029461712663395,0,0,1.274911385032447,1,0.6552551595112389,0,1,0,0
1,3,-0.7328590993061774,0,0,-0.6314533249163244,0,-0.2902084977747629,0,1,0,0
1,3,-0.8068765136982098,0,0,-0.7848450044105881,0,-0.3336641021687619,0,1,0,0
1,1,0.15534987339821163,0,0,2.3930559960827376,1,0.2727937969957883,0,1,0,1
0,3,-1.8431203151866637,1,0,-0.42181372387614313,0,0.6718467942139815,1,0,0,1
1,3,-0.28875461295398286,0,0,-0.821710676265462,0,-0.39224235532255114,1,0,0,0
1,1,2.3018548907671517,0,0,0.4264132000404939,1,-0.32263123788852616,0,1,0,0
1,2,1.7097155756308924,0,0,-0.4164337125490391,0,-0.40249090467675186,0,1,0,0
0,3,-0.06670236977788561,0,0,-0.788881627555174,0,-0.3972052911051709,0,0,1,1
1,3,0.9695414317105683,0,0,-0.794261638882278,0,-0.4364689583824019,0,1,0,0
1,1,0.4514195309663413,0,0,0.4094593828332332,1,-0.19215019671275335,0,1,0,1
0,3,-0.8068765136982098,0,0,-0.35480577967601745,1,-0.17864079800097743,1,0,0,0
1,3,-0.28875461295398286,0,0,-0.7883391054045417,0,-0.38345120265474464,0,0,1,0
1,3,-0.21473719856195045,0,0,-0.7810731837442871,0,-0.38648644375424535,0,1,0,0
1,2,0.747489188534471,0,0,0.39089091636813805,1,-0.22763155203045177,0,1,0,0
0,2,1.1915936748866656,0,0,-0.4164337125490391,0,-0.3853442731263987,0,1,0,1
1,1,0.9695414317105683,0,0,0.4094593828332332,1,-0.24473461548168907,0,1,0,1
0,1,-0.3627720273460153,0,0,1.9089324798077472,1,0.3607881480036129,1,0,0,1
1,1,-0.06670236977788561,0,0,0.4264132000404939,1,-0.11017603097876046,0,1,0,0
1,1,1.4136459180627627,0,0,2.0701261445158665,1,-0.04572025140348163,0,1,0,1
1,3,0.007315044614146799,0,0,-0.6758561795067691,0,-0.37533278499078,0,1,0,0
1,2,1.7097155756308924,0,0,-0.4487266977057262,0,-0.4066641589165204,0,1,0,0
1,3,-0.7328590993061774,0,0,-0.794261638882278,0,-0.3459641759990875,0,1,0,0
0,2,-0.14071978416991804,0,0,-0.6101916234891617,0,-0.3492819131197035,0,1,0,1
1,3,-0.06670236977788561,0,0,-0.28726177192229074,1,-0.278732330669824,0,0,1,0
1,3,0.3033847021822765,0,0,-0.7861883925931062,0,-0.4140103138062305,0,1,0,0
0,2,-1.6950854864025988,1,0,0.8429927085617572,1,1.5702659923795284,0,1,0,1
1,3,-0.8808939280902423,0,0,-0.8327419599949863,0,-0.34180594547458226,0,1,0,0
1,2,0.3774021165743089,0,0,-0.4487266977057262,0,-0.35086178793904443,0,1,0,0
1,2,1.5616807468468277,0,0,-0.4487266977057262,0,-0.40240907616224664,0,1,0,0
1,1,-0.14071978416991804,0,0,2.1411707118605783,1,0.3237447599195334,0,1,0,1
1,3,-0.658841684914145,0,0,-0.7288683439399867,0,-0.3326932275166237,0,1,0,0
0,2,0.08133245900617922,0,0,0.06796106480126718,1,-0.21550219051422143,0,1,0,1
0,3,-0.06670236977788561,0,0,-0.7886103664798577,0,-0.39714122445732447,0,0,1,1
1,2,-0.28875461295398286,0,0,0.39089091636813805,1,-0.07280381973504049,0,1,0,0
0,3,-0.28875461295398286,0,0,-0.7765004970461,0,-0.38033252976136567,0,1,0,0
1,3,-1.3249984144424367,1,0,-0.07493539451707308,1,0.17740885477807958,1,0,0,0
1,3,-0.02969366258186941,0,0,-0.24851018973426617,1,-0.2737424747237583,0,1,0,0
0,3,1.4136459180627627,0,0,0.9317984177426467,1,-0.20483621535138977,0,1,0,0
1,1,-0.06670236977788561,0,0,0.6492347976216347,1,-0.057549855962093534,0,1,0,1
1,3,-0.3627720273460153,0,0,-0.24851018973426617,1,-0.23028574172694455,0,1,0,0
1,3,0.15534987339821163,0,0,-0.7765004970461,0,-0.4056143246468286,0,1,0,1
1,1,3.042029034687476,0,1,3.2972595804699756,1,-0.07280381973504049,0,1,0,0
1,3,-0.9549113424822746,0,0,0.019521587066236547,1,0.011765950006150548,0,1,0,0
0,2,0.08133245900617922,0,0,-0.4487266977057262,0,-0.32966088713756614,0,1,0,1
1,1,-0.7328590993061774,0,0,2.1411707118605783,1,0.6593101715475473,0,1,0,0
1,3,0.15534987339821163,0,0,-0.7878030418509406,0,-0.4080335079639444,0,0,1,0
0,2,-1.8431203151866637,1,0,0.1971330054280155,1,1.5197099981606184,0,1,0,1
1,3,-1.6950854864025988,1,0,-0.48263433212024764,0,0.2731887657006235,0,1,0,1
1,3,0.3033847021822765,0,0,-0.6747775938025358,0,-0.39156679799029903,0,1,0,0
1,3,-0.43678944173804773,0,0,-0.7783864073792506,0,-0.36963438716739316,0,1,0,0
0,2,1.4136459180627627,0,0,2.9097437585897308,1,0.07164187803327322,0,1,0,1
1,2,-2.0895983051121316,1,0,-0.35184774223566495,1,3.3257245042172725,0,1,0,1
1,3,-0.06670236977788561,0,0,-0.7848450044105881,0,-0.3962519183693617,0,1,0,0
1,3,0.8955240173185358,0,0,-0.8281692732967995,0,-0.4401247152318071,0,1,0,0
1,3,-0.658841684914145,0,0,-0.821439415190146,0,-0.3628856885641085,1,0,0,1
1,3,-0.9549113424822746,0,0,-0.7861883925931062,0,-0.3128518584619597,0,1,0,0
1,1,-0.06670236977788561,0,0,1.269260112630027,1,0.08888819625819695,1,0,0,0
0,3,0.11834116620219542,0,0,-0.7878030418509406,0,-0.4063329482625705,0,0,1,0
1,3,-0.06670236977788561,0,0,0.27140687128839575,1,-0.1467855440338331,0,0,1,0
1,3,0.22936728779024407,0,0,-0.7482441350339989,0,-0.4030694694690834,0,1,0,0
1,3,-0.3627720273460153,0,0,-0.6747775938025358,0,-0.3470700883726262,0,1,0,0
1,3,1.4136459180627627,0,0,-0.7810731837442871,0,-0.44426218168725823,0,1,0,0
0,2,2.0798026475910545,0,0,-0.6101916234891617,0,-0.43508545934253,0,1,0,0
0,2,1.8577504044149573,0,0,0.1971330054280155,1,-0.3301797903040359,0,1,0,1
1,3,-0.8068765136982098,0,0,-0.7878030418509406,0,-0.3347304345205107,0,1,0,0
0,3,-1.7691029007946313,1,0,-0.48263433212024764,0,0.40458168817581097,0,1,0,1
1,3,-0.06670236977788561,0,0,-0.7886103664798577,0,-0.39714122445732447,0,0,1,0
0,3,-1.176963585658372,0,0,-0.821439415190146,0,-0.28674414827091205,1,0,0,1
0,1,-0.8808939280902423,0,0,2.3930559960827376,1,0.8856535706651246,0,1,0,1
1,1,0.007315044614146799,0,0,0.6492347976216347,1,-0.07280381973504049,0,1,0,0
1,3,-0.06670236977788561,0,0,0.22619669206903387,1,-0.15746331867489594,0,1,0,0
1,3,-0.28875461295398286,0,0,-0.8330132210703025,0,-0.3952198117128476,0,1,0,0
1,3,-0.28875461295398286,0,0,-0.8200960270076277,0,-0.39181700440965167,0,1,0,0
0,3,-0.8068765136982098,0,0,-0.8042207955046003,0,-0.34064881189637447,0,1,0,1
1,3,-1.547050657618534,1,0,0.5927220735974323,1,0.9163733588189762,0,0,1,0
1,3,-2.065172558362761,1,0,0.04051202741808311,1,4.035660647961052,0,1,0,1
1,2,-0.9549113424822746,0,0,0.39089091636813805,1,0.16138938877902698,0,1,0,0
1,1,-0.06670236977788561,0,0,0.6941737157656803,1,-0.04693614796887716,1,0,0,0
1,3,-0.28875461295398286,0,0,-0.7783864073792506,0,-0.38082933962763227,0,1,0,0
1,2,0.747489188534471,0,0,-0.4487266977057262,0,-0.3714001605904766,0,1,0,0
0,1,1.4876633324547952,0,0,0.3863182296699513,1,-0.285765384222834,0,1,0,1
0,3,0.15534987339821163,0,0,-0.7275249557574686,0,-0.3951316577361491,0,1,0,1
1,3,0.08133245900617922,0,0,-0.821439415190146,0,-0.4120092629468159,1,0,0,0
0,3,0.08133245900617922,0,0,0.27140687128839575,1,-0.17055220371877947,0,1,0,0
0,2,0.15534987339821163,0,0,0.4070374089464816,1,-0.1522912715831311,0,1,0,1
1,3,-2.1081026587101395,1,0,-0.7382849784116766,0,2.137992896121791,1,0,0,1
1,3,-0.14071978416991804,0,0,-0.8378571688438056,0,-0.4049725005014714,0,1,0,1
1,3,0.15534987339821163,0,0,-0.7861883925931062,0,-0.4076879103472136,0,1,0,0
1,1,0.747489188534471,0,0,-1.2883443117795905,0,-0.5151687691505014,0,1,0,0
0,3,-0.8068765136982098,0,0,-0.7861883925931062,0,-0.334148375376543,0,1,0,0
0,1,0.3033847021822765,0,0,2.1411707118605783,1,0.17570119596599781,0,1,0,1
1,3,-0.21473719856195045,0,0,-0.7789224709328517,0,-0.38594086031663294,0,1,0,0
1,3,0.747489188534471,0,0,0.27140687128839575,1,-0.24809093094091686,0,1,0,0
1,2,0.4514195309663413,0,0,-0.6101916234891617,0,-0.38614565890432523,0,1,0,0
0,3,-1.6950854864025988,1,0,0.7315819097711868,1,1.461254629845004,0,1,0,0
1,3,0.11834116620219542,0,0,-0.7684272507569283,0,-0.402119948744328,0,1,0,0
0,3,-0.43678944173804773,0,0,-0.7765004970461,0,-0.3690961764789377,0,1,0,0
1,2,0.15534987339821163,0,0,1.10160785089057,1,-0.0036262359892639917,1,0,0,0
1,3,1.0435588461026006,0,0,-0.8717648032583271,0,-0.45032208906573495,0,1,0,0
1,3,-1.3990158288344692,1,0,0.5136042599635489,1,0.6068296025487129,0,1,0,0
1,3,-0.14071978416991804,0,0,-0.7288683439399867,0,-0.37831211292509315,0,1,0,1
1,1,0.6734717741424385,0,0,-1.2883443117795905,0,-0.5151687691505014,0,1,0,0
0,3,-0.14071978416991804,0,0,-0.48263433212024764,0,-0.31807938543772013,0,1,0,1
1,3,-1.9911551439707285,1,0,1.274911385032447,1,5.336950874158199,0,1,0,0
1,3,-0.06670236977788561,0,0,-0.83947181810164,0,-0.4091537209285202,0,0,1,0
1,3,-0.06670236977788561,0,0,2.3604917498507345,1,0.3466161173731536,0,1,0,0
1,2,-2.065172558362761,1,0,1.10160785089057,1,7.669511761429296,1,0,0,1
1,3,-0.06670236977788561,0,0,-0.7878030418509406,0,-0.3969505499101627,0,0,1,1
0,3,-1.028928756874307,0,0,-0.35480577967601745,1,-0.11554180341044169,1,0,0,1
1,2,-2.077755518809407,1,0,-0.0773573684038247,1,4.017258991253811,0,1,0,1
1,3,-0.43678944173804773,0,0,-0.7810731837442871,0,-0.37040115307971333,0,1,0,0
1,3,-0.8068765136982098,0,0,-0.7522807581785848,0,-0.32192513335322104,0,1,0,0
1,3,-0.5848242705221126,0,0,-0.7288683439399867,0,-0.3409875703181636,0,1,0,0
1,1,-0.06670236977788561,0,0,0.6298590065276224,1,-0.06212604509397767,1,0,0,1
1,3,-0.658841684914145,0,0,-0.7765004970461,0,-0.3482286632401429,0,1,0,0
1,2,-0.9549113424822746,0,0,-0.6101916234891617,0,-0.24194335921742258,0,1,0,0
0,1,0.08133245900617922,0,0,0.7138207679350089,1,-0.07280381973504049,1,0,0,1
1,3,0.4144108237703251,0,0,-0.8725721278872443,0,-0.434951181492416,1,0,0,0
1,3,0.9695414317105683,0,0,-0.8007202359136154,0,-0.43749771407871696,0,1,0,0
1,3,0.4514195309663413,0,0,-0.7783864073792506,0,-0.41814584782842923,1,0,0,0
1,2,-0.06670236977788561,0,0,0.8429927085617572,1,-0.011787964643252765,0,1,0,0
1,3,-1.8431203151866637,1,0,0.7315819097711868,1,2.251823989443206,0,1,0,0
1,3,3.3380986922556057,0,1,-0.7861883925931062,0,-0.46931026939443193,0,1,0,0
0,3,-1.4730332432265016,1,0,-0.3036795255759505,1,0.15925198542932187,1,0,0,0
0,1,-0.9549113424822746,0,0,1.2563429185673518,1,0.5100770547888608,0,1,0,1
0,2,1.117576260494633,0,0,0.39089091636813805,1,-0.2595801317104573,0,1,0,0
0,3,-0.8068765136982098,0,0,-0.684465489349542,0,-0.2974786493065772,0,1,0,1
1,1,1.6356981612388601,0,0,0.4264132000404939,1,-0.28930743440087664,0,1,0,1
0,3,-0.3627720273460153,0,0,-0.04452831969353672,1,-0.17440089293739058,1,0,0,1
1,3,0.8955240173185358,0,0,-0.37714606680741364,1,-0.3665731163924502,0,1,0,0
1,2,-0.5848242705221126,0,0,-0.5456056531757875,0,-0.28393254559241954,0,1,0,0
0,1,1.4136459180627627,0,0,0.3863182296699513,1,-0.2810836824896163,0,1,0,1
1,2,-0.3627720273460153,0,0,-0.4487266977057262,0,-0.2851389954544617,0,1,0,0
0,2,0.9695414317105683,0,0,-0.4487266977057262,0,-0.38143052862954807,0,1,0,1
0,2,-0.14071978416991804,0,0,-0.39329255938575713,1,-0.29622497706177703,1,0,0,1
1,1,0.15534987339821163,0,0,1.9729759279704893,1,0.18288035624616206,0,1,0,0
1,3,-0.06670236977788561,0,0,-0.6747775938025358,0,-0.3702561133075056,0,1,0,0
1,3,-1.8431203151866637,1,0,-0.5692893284897017,0,0.4698275691149286,0,1,0,1
0,1,1.3396285036707303,0,0,2.105919689263539,1,-0.03083260197195943,0,1,0,1
1,1,0.3033847021822765,0,0,-0.9654144602127196,0,-0.45011510011881595,0,1,0,0
1,3,1.3396285036707303,0,0,-0.7070705789592229,0,-0.4322253411351024,0,1,0,0
0,2,-0.06670236977788561,0,0,0.2617189757413897,1,-0.14907363859977513,1,0,0,1
0,3,-1.028928756874307,0,0,-0.821710676265462,0,-0.3154133466800823,1,0,0,1
1,3,-0.658841684914145,0,0,-0.6524437652681709,0,-0.30776701586694205,0,1,0,0
0,2,-0.28875461295398286,0,0,0.39089091636813805,1,-0.07280381973504049,0,1,0,1
1,3,0.3033847021822765,0,0,-0.7783864073792506,0,-0.41243861716242497,0,1,0,0
0,3,-0.5108068561300801,0,0,-0.6091130377849283,0,-0.31289835769321533,0,1,0,0
1,2,-0.06670236977788561,0,0,-0.6101916234891617,0,-0.35500214953455866,0,1,0,0
0,3,0.747489188534471,0,0,0.5927220735974323,1,-0.1930717903573689,0,0,1,0
0,1,-0.7328590993061774,0,0,0.6492347976216347,1,0.14837865497268993,0,1,0,1
0,3,-0.06670236977788561,0,0,0.22619669206903387,1,-0.15746331867489594,0,1,0,0
1,1,-0.21473719856195045,0,0,0.6492347976216347,1,-0.023652158688878152,1,0,0,1
1,3,0.22936728779024407,0,0,-0.7878030418509406,0,-0.4112800310302037,0,0,1,0
